Variabila,Comunalitate
Librarie,1.0178571428571408
CostLunarBasic,1.0178571428571401
CostLunarStandard,1.0178571428571408
CostLunarPremium,1.0178571428571415
Internet,1.017857142857141
HDI,1.0178571428571406
Venit,1.0178571428571412
IndiceFericire,1.0178571428571412
IndiceEducatie,1.0178571428571406
